bin,mean,variance,sd,zero_fraction,minimum,maximum
1,11.756007183312105,5575.977696181579,74.67246946620675,0.04144398223547952,0.0,36464.0
2,8.989827840075343,4725.933059019024,68.74542209499498,0.09444759106881885,0.0,16080.0
3,8.958987740227212,7287.705021785529,85.36805621416906,0.13869467740025665,0.0,34794.0
4,10.193554807338412,8451.858731446995,91.9339911645687,0.07960618666305104,0.0,48321.0
5,11.050622607919736,9356.525994819094,96.72913725873448,0.060340142333284705,0.0,52971.0
6,9.997468984119255,8283.400004037749,91.01318588005668,0.08502550597987142,0.0,48419.0
7,11.3175065634411,9313.610974643476,96.50705142446057,0.0583283385601907,0.0,55610.0
8,14.222162547057176,9620.530960098364,98.08430537093263,0.014260354067386724,0.0,66635.0
9,11.327963408257602,8278.568255368546,90.9866377847239,0.05206549997011152,0.0,48415.0
10,12.688666495199177,8475.349702192789,92.06166249961375,0.02743579073118211,0.0,52528.0
11,12.78080064934723,7882.200256189256,88.78175632521163,0.023331564454560465,0.0,50537.0
12,13.103450092310737,7586.671283296315,87.1014998911977,0.018778896489901702,0.0,44915.0
13,11.372090024554359,5467.631145949749,73.94343206769449,0.02868538105290352,0.0,38421.0
14,11.755550954587607,5485.920701263951,74.0670014329185,0.023090395354712107,0.0,43658.0
15,10.383852801191692,3324.4321568290206,57.657888938366625,0.02395063385331651,0.0,40025.0
16,8.271036049169181,1167.9918983473842,34.17589645272504,0.030734058733951547,0.0,19134.0
17,9.365663658198569,1193.293881528921,34.54408605722434,0.02417416760588251,0.0,22924.0
18,7.710814659141946,821.5153179319568,28.662088513085656,0.03920543828304091,0.0,22892.0
19,7.750340511072364,774.9949387540983,27.838730911341816,0.03826091656625589,0.0,28591.0
20,9.267218798089244,1003.7242025002195,31.681606690637068,0.02174369610769563,0.0,34137.0
